<?xml version="1.0" encoding="UTF-8"?>
<project version="4">
  <component name="ChangeListManager">
    <list default="true" id="c9d161b1-0938-4278-b7e8-5d0ff5327386" name="Default" comment="" />
    <ignored path="emr.iws" />
    <ignored path=".idea/workspace.xml" />
    <ignored path=".idea/dataSources.local.xml" />
    <option name="EXCLUDED_CONVERTED_TO_IGNORED" value="true" />
    <option name="TRACKING_ENABLED" value="true" />
    <option name="SHOW_DIALOG" value="false" />
    <option name="HIGHLIGHT_CONFLICTS" value="true" />
    <option name="HIGHLIGHT_NON_ACTIVE_CHANGELIST" value="false" />
    <option name="LAST_RESOLUTION" value="IGNORE" />
  </component>
  <component name="ChangesViewManager" flattened_view="true" show_ignored="false" />
  <component name="CreatePatchCommitExecutor">
    <option name="PATCH_PATH" value="" />
  </component>
  <component name="DaemonCodeAnalyzer">
    <disable_hints />
  </component>
  <component name="ExecutionTargetManager" SELECTED_TARGET="default_target" />
  <component name="FavoritesManager">
    <favorites_list name="emr" />
  </component>
  <component name="FileEditorManager">
    <leaf>
      <file leaf-file-name="TimeslotsController.php" pinned="false" current-in-tab="true">
        <entry file="file://$PROJECT_DIR$/app/controllers/TimeslotsController.php">
          <provider selected="true" editor-type-id="text-editor">
            <state vertical-scroll-proportion="0.43470484" vertical-offset="2632" max-vertical-offset="3400">
              <caret line="115" column="11" selection-start-line="115" selection-start-column="11" selection-end-line="115" selection-end-column="11" />
              <folding />
            </state>
          </provider>
        </entry>
      </file>
    </leaf>
  </component>
  <component name="FindManager">
    <FindUsagesManager>
      <setting name="OPEN_NEW_TAB" value="true" />
    </FindUsagesManager>
  </component>
  <component name="IdeDocumentHistory">
    <option name="changedFiles">
      <list>
        <option value="$PROJECT_DIR$/app/controllers/PrescriptionsController.php" />
        <option value="$PROJECT_DIR$/app/models/Prescription.php" />
        <option value="$PROJECT_DIR$/app/views/prescriptions/index.blade.php" />
        <option value="$PROJECT_DIR$/app/views/prescriptions/create.blade.php" />
        <option value="$PROJECT_DIR$/app/views/prescriptions/edit.blade.php" />
        <option value="$PROJECT_DIR$/app/views/prescriptions/show.blade.php" />
        <option value="$PROJECT_DIR$/app/controllers/AppointmentsController.php" />
        <option value="$PROJECT_DIR$/app/views/partials/ajax.blade.php" />
        <option value="$PROJECT_DIR$/app/views/prescriptions/layouts/master.blade.php" />
        <option value="$PROJECT_DIR$/app/views/appointments/show.blade.php" />
        <option value="$PROJECT_DIR$/app/views/login.blade.php" />
        <option value="$PROJECT_DIR$/app/config/mail.php" />
        <option value="$PROJECT_DIR$/app/models/User.php" />
        <option value="$PROJECT_DIR$/app/models/Employee.php" />
        <option value="$PROJECT_DIR$/app/views/password/master.blade.php" />
        <option value="$PROJECT_DIR$/app/views/password/reset.blade.php" />
        <option value="$PROJECT_DIR$/app/views/password/remind.blade.php" />
        <option value="$PROJECT_DIR$/app/controllers/RemindersController.php" />
        <option value="$PROJECT_DIR$/app/views/public_layouts/master.blade.php" />
        <option value="$PROJECT_DIR$/app/views/emails/welcome.blade.php" />
        <option value="$PROJECT_DIR$/app/models/Timeslot.php" />
        <option value="$PROJECT_DIR$/app/views/appointments/create.blade.php" />
        <option value="$PROJECT_DIR$/app/views/appointments/edit.blade.php" />
        <option value="$PROJECT_DIR$/app/views/appointment_based_data/layouts/master.blade.php" />
        <option value="$PROJECT_DIR$/app/views/admin/admin_home.blade.php" />
        <option value="$PROJECT_DIR$/app/models/Appointment.php" />
        <option value="$PROJECT_DIR$/app/database/migrations/2015_02_11_095950_create_vitalsigns_table.php" />
        <option value="$PROJECT_DIR$/app/controllers/HomeController.php" />
        <option value="$PROJECT_DIR$/app/views/appointments/index.blade.php" />
        <option value="$PROJECT_DIR$/app/routes.php" />
        <option value="$PROJECT_DIR$/app/models/Vitalsign.php" />
        <option value="$PROJECT_DIR$/app/views/appointment_based_data/appointments.blade.php" />
        <option value="$PROJECT_DIR$/app/views/vitalsigns/create.blade.php" />
        <option value="$PROJECT_DIR$/app/controllers/VitalsignsController.php" />
        <option value="$PROJECT_DIR$/app/views/dutydays/layouts/master.blade.php" />
        <option value="$PROJECT_DIR$/app/views/dutydays/edit.blade.php" />
        <option value="$PROJECT_DIR$/app/database/migrations/2015_02_14_110516_create_dutydays_table.php" />
        <option value="$PROJECT_DIR$/app/controllers/DutydaysController.php" />
        <option value="$PROJECT_DIR$/app/views/patients/layouts/master.blade.php" />
        <option value="$PROJECT_DIR$/app/views/patients/create.blade.php" />
        <option value="$PROJECT_DIR$/app/views/patients/edit.blade.php" />
        <option value="$PROJECT_DIR$/app/views/patients/index.blade.php" />
        <option value="$PROJECT_DIR$/app/views/patients/show.blade.php" />
        <option value="$PROJECT_DIR$/app/config/view.php" />
        <option value="$PROJECT_DIR$/public/js/jquery.dataTables.js" />
        <option value="$PROJECT_DIR$/app/views/employees/index.blade.php" />
        <option value="$PROJECT_DIR$/app/database/migrations/2015_02_17_080659_create_appointments_table.php" />
        <option value="$PROJECT_DIR$/app/views/appointments/layouts/master.blade.php" />
        <option value="$PROJECT_DIR$/app/controllers/TimeslotsController.php" />
        <option value="$PROJECT_DIR$/app/controllers/PatientsController.php" />
        <option value="$PROJECT_DIR$/app/controllers/EmployeesController.php" />
      </list>
    </option>
  </component>
  <component name="PhpWorkspaceProjectConfiguration" backward_compatibility_performed="true" />
  <component name="ProjectFrameBounds">
    <option name="x" value="-8" />
    <option name="y" value="-8" />
    <option name="width" value="1382" />
    <option name="height" value="744" />
  </component>
  <component name="ProjectLevelVcsManager" settingsEditedManually="false">
    <OptionsSetting value="true" id="Add" />
    <OptionsSetting value="true" id="Remove" />
    <OptionsSetting value="true" id="Checkout" />
    <OptionsSetting value="true" id="Update" />
    <OptionsSetting value="true" id="Status" />
    <OptionsSetting value="true" id="Edit" />
    <ConfirmationsSetting value="0" id="Add" />
    <ConfirmationsSetting value="0" id="Remove" />
  </component>
  <component name="ProjectReloadState">
    <option name="STATE" value="0" />
  </component>
  <component name="ProjectView">
    <navigator currentView="ProjectPane" proportions="" version="1">
      <flattenPackages />
      <showMembers />
      <showModules />
      <showLibraryContents />
      <hideEmptyPackages />
      <abbreviatePackageNames />
      <autoscrollToSource />
      <autoscrollFromSource />
      <sortByType />
    </navigator>
    <panes>
      <pane id="Scope" />
      <pane id="ProjectPane">
        <subPane>
          <PATH>
            <PATH_ELEMENT>
              <option name="myItemId" value="emr" />
              <option name="myItemType" value="com.intellij.ide.projectView.impl.nodes.ProjectViewProjectNode" />
            </PATH_ELEMENT>
          </PATH>
          <PATH>
            <PATH_ELEMENT>
              <option name="myItemId" value="emr" />
              <option name="myItemType" value="com.intellij.ide.projectView.impl.nodes.ProjectViewProjectNode" />
            </PATH_ELEMENT>
            <PATH_ELEMENT>
              <option name="myItemId" value="EMR" />
              <option name="myItemType" value="com.intellij.ide.projectView.impl.nodes.PsiDirectoryNode" />
            </PATH_ELEMENT>
          </PATH>
          <PATH>
            <PATH_ELEMENT>
              <option name="myItemId" value="emr" />
              <option name="myItemType" value="com.intellij.ide.projectView.impl.nodes.ProjectViewProjectNode" />
            </PATH_ELEMENT>
            <PATH_ELEMENT>
              <option name="myItemId" value="EMR" />
              <option name="myItemType" value="com.intellij.ide.projectView.impl.nodes.PsiDirectoryNode" />
            </PATH_ELEMENT>
            <PATH_ELEMENT>
              <option name="myItemId" value="app" />
              <option name="myItemType" value="com.intellij.ide.projectView.impl.nodes.PsiDirectoryNode" />
            </PATH_ELEMENT>
          </PATH>
          <PATH>
            <PATH_ELEMENT>
              <option name="myItemId" value="emr" />
              <option name="myItemType" value="com.intellij.ide.projectView.impl.nodes.ProjectViewProjectNode" />
            </PATH_ELEMENT>
            <PATH_ELEMENT>
              <option name="myItemId" value="EMR" />
              <option name="myItemType" value="com.intellij.ide.projectView.impl.nodes.PsiDirectoryNode" />
            </PATH_ELEMENT>
            <PATH_ELEMENT>
              <option name="myItemId" value="app" />
              <option name="myItemType" value="com.intellij.ide.projectView.impl.nodes.PsiDirectoryNode" />
            </PATH_ELEMENT>
            <PATH_ELEMENT>
              <option name="myItemId" value="views" />
              <option name="myItemType" value="com.intellij.ide.projectView.impl.nodes.PsiDirectoryNode" />
            </PATH_ELEMENT>
          </PATH>
          <PATH>
            <PATH_ELEMENT>
              <option name="myItemId" value="emr" />
              <option name="myItemType" value="com.intellij.ide.projectView.impl.nodes.ProjectViewProjectNode" />
            </PATH_ELEMENT>
            <PATH_ELEMENT>
              <option name="myItemId" value="EMR" />
              <option name="myItemType" value="com.intellij.ide.projectView.impl.nodes.PsiDirectoryNode" />
            </PATH_ELEMENT>
            <PATH_ELEMENT>
              <option name="myItemId" value="app" />
              <option name="myItemType" value="com.intellij.ide.projectView.impl.nodes.PsiDirectoryNode" />
            </PATH_ELEMENT>
            <PATH_ELEMENT>
              <option name="myItemId" value="views" />
              <option name="myItemType" value="com.intellij.ide.projectView.impl.nodes.PsiDirectoryNode" />
            </PATH_ELEMENT>
            <PATH_ELEMENT>
              <option name="myItemId" value="appointments" />
              <option name="myItemType" value="com.intellij.ide.projectView.impl.nodes.PsiDirectoryNode" />
            </PATH_ELEMENT>
          </PATH>
          <PATH>
            <PATH_ELEMENT>
              <option name="myItemId" value="emr" />
              <option name="myItemType" value="com.intellij.ide.projectView.impl.nodes.ProjectViewProjectNode" />
            </PATH_ELEMENT>
            <PATH_ELEMENT>
              <option name="myItemId" value="EMR" />
              <option name="myItemType" value="com.intellij.ide.projectView.impl.nodes.PsiDirectoryNode" />
            </PATH_ELEMENT>
            <PATH_ELEMENT>
              <option name="myItemId" value="app" />
              <option name="myItemType" value="com.intellij.ide.projectView.impl.nodes.PsiDirectoryNode" />
            </PATH_ELEMENT>
            <PATH_ELEMENT>
              <option name="myItemId" value="views" />
              <option name="myItemType" value="com.intellij.ide.projectView.impl.nodes.PsiDirectoryNode" />
            </PATH_ELEMENT>
            <PATH_ELEMENT>
              <option name="myItemId" value="appointments" />
              <option name="myItemType" value="com.intellij.ide.projectView.impl.nodes.PsiDirectoryNode" />
            </PATH_ELEMENT>
            <PATH_ELEMENT>
              <option name="myItemId" value="layouts" />
              <option name="myItemType" value="com.intellij.ide.projectView.impl.nodes.PsiDirectoryNode" />
            </PATH_ELEMENT>
          </PATH>
          <PATH>
            <PATH_ELEMENT>
              <option name="myItemId" value="emr" />
              <option name="myItemType" value="com.intellij.ide.projectView.impl.nodes.ProjectViewProjectNode" />
            </PATH_ELEMENT>
            <PATH_ELEMENT>
              <option name="myItemId" value="EMR" />
              <option name="myItemType" value="com.intellij.ide.projectView.impl.nodes.PsiDirectoryNode" />
            </PATH_ELEMENT>
            <PATH_ELEMENT>
              <option name="myItemId" value="app" />
              <option name="myItemType" value="com.intellij.ide.projectView.impl.nodes.PsiDirectoryNode" />
            </PATH_ELEMENT>
            <PATH_ELEMENT>
              <option name="myItemId" value="controllers" />
              <option name="myItemType" value="com.intellij.ide.projectView.impl.nodes.PsiDirectoryNode" />
            </PATH_ELEMENT>
          </PATH>
        </subPane>
      </pane>
    </panes>
  </component>
  <component name="PropertiesComponent">
    <property name="options.lastSelected" value="reference.settingsdialog.IDE.editor.colors.Font" />
    <property name="options.splitter.main.proportions" value="0.3" />
    <property name="options.splitter.details.proportions" value="0.2" />
    <property name="WebServerToolWindowFactoryState" value="false" />
    <property name="last_opened_file_path" value="$PROJECT_DIR$" />
    <property name="FullScreen" value="false" />
    <property name="SearchEverywhereHistoryKey" value="has&#9;null&#9;null&#10;auth.&#9;FILE&#9;file://C:/wamp/www/emr/app/config/auth.php&#10;Guard&#9;FILE&#9;file://C:/wamp/www/emr/vendor/laravel/framework/src/Illuminate/Auth/Guard.php&#10;Auth&#9;FILE&#9;file://C:/wamp/www/emr/vendor/laravel/framework/src/Illuminate/Support/Facades/Auth.php" />
  </component>
  <component name="RecentsManager">
    <key name="CopyFile.RECENT_KEYS">
      <recent name="C:\wamp\www\emr\app\views\appointment_based_data\layouts" />
      <recent name="C:\wamp\www\emr\public\calendar" />
    </key>
  </component>
  <component name="RunManager">
    <configuration default="true" type="PHPUnitRunConfigurationType" factoryName="PHPUnit">
      <TestRunner />
      <method />
    </configuration>
    <configuration default="true" type="PhpLocalRunConfigurationType" factoryName="PHP Console">
      <method />
    </configuration>
    <configuration default="true" type="JavascriptDebugType" factoryName="JavaScript Debug">
      <method />
    </configuration>
    <configuration default="true" type="PhpBehatConfigurationType" factoryName="Behat">
      <BehatRunner />
      <method />
    </configuration>
    <configuration default="true" type="js.build_tools.gulp" factoryName="Gulp.js">
      <node-options />
      <gulpfile />
      <tasks />
      <pass-parent-env-vars>false</pass-parent-env-vars>
      <envs />
      <method />
    </configuration>
    <configuration default="true" type="PhpUnitRemoteRunConfigurationType" factoryName="PHPUnit on Server">
      <method />
    </configuration>
    <list size="0" />
  </component>
  <component name="ShelveChangesManager" show_recycled="false" />
  <component name="SvnConfiguration">
    <configuration />
  </component>
  <component name="TaskManager">
    <task active="true" id="Default" summary="Default task">
      <changelist id="c9d161b1-0938-4278-b7e8-5d0ff5327386" name="Default" comment="" />
      <created>1422509184900</created>
      <option name="number" value="Default" />
      <updated>1422509184900</updated>
    </task>
    <servers />
  </component>
  <component name="ToolWindowManager">
    <frame x="-8" y="-8" width="1382" height="744" extended-state="7" />
    <editor active="true" />
    <layout>
      <window_info id="Changes" active="false" anchor="bottom" auto_hide="false" internal_type="DOCKED" type="DOCKED" visible="false" weight="0.33" sideWeight="0.5" order="7" side_tool="false" content_ui="tabs" />
      <window_info id="Terminal" active="false" anchor="bottom" auto_hide="false" internal_type="DOCKED" type="DOCKED" visible="false" weight="0.33" sideWeight="0.5" order="11" side_tool="false" content_ui="tabs" />
      <window_info id="TODO" active="false" anchor="bottom" auto_hide="false" internal_type="DOCKED" type="DOCKED" visible="false" weight="0.33" sideWeight="0.5" order="6" side_tool="false" content_ui="tabs" />
      <window_info id="Database" active="false" anchor="right" auto_hide="false" internal_type="DOCKED" type="DOCKED" visible="false" weight="0.33" sideWeight="0.5" order="3" side_tool="false" content_ui="tabs" />
      <window_info id="Structure" active="false" anchor="left" auto_hide="false" internal_type="DOCKED" type="DOCKED" visible="false" weight="0.25" sideWeight="0.5" order="1" side_tool="false" content_ui="tabs" />
      <window_info id="Application Servers" active="false" anchor="bottom" auto_hide="false" internal_type="DOCKED" type="DOCKED" visible="false" weight="0.33" sideWeight="0.5" order="10" side_tool="false" content_ui="tabs" />
      <window_info id="Project" active="true" anchor="left" auto_hide="false" internal_type="DOCKED" type="DOCKED" visible="true" weight="0.19253294" sideWeight="0.5" order="0" side_tool="false" content_ui="combo" />
      <window_info id="Favorites" active="false" anchor="left" auto_hide="false" internal_type="DOCKED" type="DOCKED" visible="false" weight="0.33" sideWeight="0.5" order="2" side_tool="true" content_ui="tabs" />
      <window_info id="Event Log" active="false" anchor="bottom" auto_hide="false" internal_type="DOCKED" type="DOCKED" visible="false" weight="0.329653" sideWeight="0.5" order="8" side_tool="true" content_ui="tabs" />
      <window_info id="Version Control" active="false" anchor="bottom" auto_hide="false" internal_type="DOCKED" type="DOCKED" visible="false" weight="0.33" sideWeight="0.5" order="9" side_tool="false" content_ui="tabs" />
      <window_info id="Cvs" active="false" anchor="bottom" auto_hide="false" internal_type="DOCKED" type="DOCKED" visible="false" weight="0.25" sideWeight="0.5" order="4" side_tool="false" content_ui="tabs" />
      <window_info id="Message" active="false" anchor="bottom" auto_hide="false" internal_type="DOCKED" type="DOCKED" visible="false" weight="0.33" sideWeight="0.5" order="0" side_tool="false" content_ui="tabs" />
      <window_info id="Find" active="false" anchor="bottom" auto_hide="false" internal_type="DOCKED" type="DOCKED" visible="false" weight="0.33" sideWeight="0.5" order="1" side_tool="false" content_ui="tabs" />
      <window_info id="Ant Build" active="false" anchor="right" auto_hide="false" internal_type="DOCKED" type="DOCKED" visible="false" weight="0.25" sideWeight="0.5" order="1" side_tool="false" content_ui="tabs" />
      <window_info id="Debug" active="false" anchor="bottom" auto_hide="false" internal_type="DOCKED" type="DOCKED" visible="false" weight="0.4" sideWeight="0.5" order="3" side_tool="false" content_ui="tabs" />
      <window_info id="Commander" active="false" anchor="right" auto_hide="false" internal_type="SLIDING" type="SLIDING" visible="false" weight="0.4" sideWeight="0.5" order="0" side_tool="false" content_ui="tabs" />
      <window_info id="Run" active="false" anchor="bottom" auto_hide="false" internal_type="DOCKED" type="DOCKED" visible="false" weight="0.33" sideWeight="0.5" order="2" side_tool="false" content_ui="tabs" />
      <window_info id="Inspection" active="false" anchor="bottom" auto_hide="false" internal_type="DOCKED" type="DOCKED" visible="false" weight="0.4" sideWeight="0.5" order="5" side_tool="false" content_ui="tabs" />
      <window_info id="Hierarchy" active="false" anchor="right" auto_hide="false" internal_type="DOCKED" type="DOCKED" visible="false" weight="0.25" sideWeight="0.5" order="2" side_tool="false" content_ui="combo" />
    </layout>
  </component>
  <component name="Vcs.Log.UiProperties">
    <option name="RECENTLY_FILTERED_USER_GROUPS">
      <collection />
    </option>
    <option name="RECENTLY_FILTERED_BRANCH_GROUPS">
      <collection />
    </option>
  </component>
  <component name="VcsContentAnnotationSettings">
    <option name="myLimit" value="2678400000" />
  </component>
  <component name="VcsManagerConfiguration">
    <option name="myTodoPanelSettings">
      <TodoPanelSettings />
    </option>
  </component>
  <component name="XDebuggerManager">
    <breakpoint-manager>
      <option name="time" value="3" />
    </breakpoint-manager>
    <watches-manager />
  </component>
  <component name="editorHistoryManager">
    <entry file="file://$PROJECT_DIR$/app/lang/en/validation.php">
      <provider selected="true" editor-type-id="text-editor">
        <state vertical-scroll-proportion="-6.029412" vertical-offset="20" max-vertical-offset="2800">
          <caret line="9" column="60" selection-start-line="9" selection-start-column="55" selection-end-line="9" selection-end-column="60" />
        </state>
      </provider>
    </entry>
    <entry file="file://$PROJECT_DIR$/app/views/public_layouts/master.blade.php">
      <provider selected="true" editor-type-id="text-editor">
        <state vertical-scroll-proportion="0.68694097" vertical-offset="3166" max-vertical-offset="3725">
          <caret line="142" column="0" selection-start-line="142" selection-start-column="0" selection-end-line="143" selection-end-column="7" />
        </state>
      </provider>
    </entry>
    <entry file="file://$PROJECT_DIR$/app/views/partials/footer.blade.php">
      <provider selected="true" editor-type-id="text-editor">
        <state vertical-scroll-proportion="0.5527728" vertical-offset="366" max-vertical-offset="925">
          <caret line="27" column="20" selection-start-line="24" selection-start-column="16" selection-end-line="27" selection-end-column="20" />
        </state>
      </provider>
    </entry>
    <entry file="file://$PROJECT_DIR$/app/database/migrations/2015_02_03_060752_create_patients_table.php">
      <provider selected="true" editor-type-id="text-editor">
        <state vertical-scroll-proportion="0.39335665" vertical-offset="150" max-vertical-offset="1250">
          <caret line="16" column="37" selection-start-line="16" selection-start-column="37" selection-end-line="16" selection-end-column="37" />
        </state>
      </provider>
    </entry>
    <entry file="file://$PROJECT_DIR$/app/views/labtests/show.blade.php">
      <provider selected="true" editor-type-id="text-editor">
        <state vertical-scroll-proportion="-2.175313" vertical-offset="1216" max-vertical-offset="1775">
          <caret line="0" column="0" selection-start-line="0" selection-start-column="0" selection-end-line="0" selection-end-column="0" />
        </state>
      </provider>
    </entry>
    <entry file="file://$PROJECT_DIR$/app/views/login.blade.php">
      <provider selected="true" editor-type-id="text-editor">
        <state vertical-scroll-proportion="0.22361359" vertical-offset="825" max-vertical-offset="2525">
          <caret line="38" column="53" selection-start-line="38" selection-start-column="53" selection-end-line="38" selection-end-column="53" />
        </state>
      </provider>
    </entry>
    <entry file="file://$PROJECT_DIR$/app/models/Patient.php">
      <provider selected="true" editor-type-id="text-editor">
        <state vertical-scroll-proportion="0.59749556" vertical-offset="1316" max-vertical-offset="1875">
          <caret line="66" column="5" selection-start-line="66" selection-start-column="5" selection-end-line="66" selection-end-column="5" />
        </state>
      </provider>
    </entry>
    <entry file="file://$PROJECT_DIR$/app/views/appointments/create.blade.php">
      <provider selected="true" editor-type-id="text-editor">
        <state vertical-scroll-proportion="0.64221823" vertical-offset="941" max-vertical-offset="2475">
          <caret line="52" column="43" selection-start-line="52" selection-start-column="43" selection-end-line="52" selection-end-column="43" />
        </state>
      </provider>
    </entry>
    <entry file="file://$PROJECT_DIR$/vendor/laravel/framework/src/Illuminate/Support/Facades/Hash.php">
      <provider selected="true" editor-type-id="text-editor">
        <state vertical-scroll-proportion="0.21853147" vertical-offset="0" max-vertical-offset="572">
          <caret line="5" column="6" selection-start-line="5" selection-start-column="6" selection-end-line="5" selection-end-column="6" />
        </state>
      </provider>
    </entry>
    <entry file="file://$PROJECT_DIR$/app/controllers/WorkingdaysController.php">
      <provider selected="true" editor-type-id="text-editor">
        <state vertical-scroll-proportion="0.0" vertical-offset="369" max-vertical-offset="4950">
          <caret line="22" column="32" selection-start-line="22" selection-start-column="29" selection-end-line="22" selection-end-column="32" />
        </state>
      </provider>
    </entry>
    <entry file="file://$PROJECT_DIR$/app/views/appointment_based_data/layouts/master.blade.php">
      <provider selected="true" editor-type-id="text-editor">
        <state vertical-scroll-proportion="-11.294118" vertical-offset="2616" max-vertical-offset="3175">
          <caret line="120" column="0" selection-start-line="120" selection-start-column="0" selection-end-line="120" selection-end-column="0" />
        </state>
      </provider>
    </entry>
    <entry file="file://$PROJECT_DIR$/app/views/medical_records/search-pmr.blade.php">
      <provider selected="true" editor-type-id="text-editor">
        <state vertical-scroll-proportion="0.30037314" vertical-offset="1114" max-vertical-offset="1725">
          <caret line="51" column="170" selection-start-line="51" selection-start-column="24" selection-end-line="51" selection-end-column="170" />
        </state>
      </provider>
    </entry>
    <entry file="file://$PROJECT_DIR$/app/database/migrations/2015_02_11_095950_create_vitalsigns_table.php">
      <provider selected="true" editor-type-id="text-editor">
        <state vertical-scroll-proportion="0.5464481" vertical-offset="525" max-vertical-offset="1400">
          <caret line="34" column="42" selection-start-line="34" selection-start-column="42" selection-end-line="34" selection-end-column="42" />
        </state>
      </provider>
    </entry>
    <entry file="file://$PROJECT_DIR$/app/views/medical_records/view-pmr.blade.php">
      <provider selected="true" editor-type-id="text-editor">
        <state vertical-scroll-proportion="0.53667265" vertical-offset="525" max-vertical-offset="1375">
          <caret line="33" column="59" selection-start-line="33" selection-start-column="30" selection-end-line="33" selection-end-column="59" />
        </state>
      </provider>
    </entry>
    <entry file="file://$PROJECT_DIR$/app/views/appointments/show.blade.php">
      <provider selected="true" editor-type-id="text-editor">
        <state vertical-scroll-proportion="0.7164179" vertical-offset="566" max-vertical-offset="2175">
          <caret line="38" column="43" selection-start-line="38" selection-start-column="43" selection-end-line="38" selection-end-column="72" />
        </state>
      </provider>
    </entry>
    <entry file="file://$PROJECT_DIR$/app/controllers/HomeController.php">
      <provider selected="true" editor-type-id="text-editor">
        <state vertical-scroll-proportion="0.5629371" vertical-offset="1528" max-vertical-offset="2100">
          <caret line="74" column="51" selection-start-line="74" selection-start-column="15" selection-end-line="74" selection-end-column="51" />
        </state>
      </provider>
    </entry>
    <entry file="file://$PROJECT_DIR$/app/views/vitalsigns/edit.blade.php">
      <provider selected="true" editor-type-id="text-editor">
        <state vertical-scroll-proportion="15.441176" vertical-offset="525" max-vertical-offset="1550">
          <caret line="0" column="0" selection-start-line="0" selection-start-column="0" selection-end-line="0" selection-end-column="0" />
        </state>
      </provider>
    </entry>
    <entry file="file://$PROJECT_DIR$/app/views/appointments/index.blade.php">
      <provider selected="true" editor-type-id="text-editor">
        <state vertical-scroll-proportion="0.5813953" vertical-offset="900" max-vertical-offset="1650">
          <caret line="49" column="126" selection-start-line="48" selection-start-column="28" selection-end-line="49" selection-end-column="126" />
        </state>
      </provider>
    </entry>
    <entry file="file://$PROJECT_DIR$/app/views/vitalsigns/index.blade.php">
      <provider selected="true" editor-type-id="text-editor">
        <state vertical-scroll-proportion="0.6905188" vertical-offset="1089" max-vertical-offset="1925">
          <caret line="59" column="122" selection-start-line="59" selection-start-column="28" selection-end-line="59" selection-end-column="122" />
        </state>
      </provider>
    </entry>
    <entry file="file://$PROJECT_DIR$/app/models/Prescription.php">
      <provider selected="true" editor-type-id="text-editor">
        <state vertical-scroll-proportion="0.6010733" vertical-offset="164" max-vertical-offset="825">
          <caret line="20" column="10" selection-start-line="18" selection-start-column="4" selection-end-line="21" selection-end-column="5" />
        </state>
      </provider>
    </entry>
    <entry file="file://$PROJECT_DIR$/app/views/vitalsigns/create.blade.php">
      <provider selected="true" editor-type-id="text-editor">
        <state vertical-scroll-proportion="0.26833633" vertical-offset="800" max-vertical-offset="1575">
          <caret line="38" column="81" selection-start-line="38" selection-start-column="81" selection-end-line="38" selection-end-column="81" />
        </state>
      </provider>
    </entry>
    <entry file="file://$PROJECT_DIR$/app/models/Vitalsign.php">
      <provider selected="true" editor-type-id="text-editor">
        <state vertical-scroll-proportion="0.7602862" vertical-offset="75" max-vertical-offset="675">
          <caret line="20" column="5" selection-start-line="20" selection-start-column="5" selection-end-line="20" selection-end-column="5" />
        </state>
      </provider>
    </entry>
    <entry file="file://$PROJECT_DIR$/app/views/appointment_based_data/appointments.blade.php">
      <provider selected="true" editor-type-id="text-editor">
        <state vertical-scroll-proportion="0.0" vertical-offset="1325" max-vertical-offset="2475">
          <caret line="53" column="34" selection-start-line="53" selection-start-column="34" selection-end-line="53" selection-end-column="34" />
        </state>
      </provider>
    </entry>
    <entry file="file://$PROJECT_DIR$/app/controllers/VitalsignsController.php">
      <provider selected="true" editor-type-id="text-editor">
        <state vertical-scroll-proportion="0.0" vertical-offset="600" max-vertical-offset="2975">
          <caret line="24" column="5" selection-start-line="24" selection-start-column="5" selection-end-line="24" selection-end-column="5" />
        </state>
      </provider>
    </entry>
    <entry file="file://$PROJECT_DIR$/app/views/admin/admin_home.blade.php">
      <provider selected="true" editor-type-id="text-editor">
        <state vertical-scroll-proportion="0.0" vertical-offset="1275" max-vertical-offset="1750">
          <caret line="51" column="53" selection-start-line="51" selection-start-column="43" selection-end-line="51" selection-end-column="53" />
        </state>
      </provider>
    </entry>
    <entry file="file://$PROJECT_DIR$/app/controllers/AppointmentsController.php">
      <provider selected="true" editor-type-id="text-editor">
        <state vertical-scroll-proportion="0.0" vertical-offset="325" max-vertical-offset="3150">
          <caret line="13" column="14" selection-start-line="13" selection-start-column="14" selection-end-line="13" selection-end-column="14" />
        </state>
      </provider>
    </entry>
    <entry file="file://$PROJECT_DIR$/artisan">
      <provider selected="true" editor-type-id="text-editor">
        <state vertical-scroll-proportion="0.0" vertical-offset="0" max-vertical-offset="1750">
          <caret line="0" column="0" selection-start-line="0" selection-start-column="0" selection-end-line="0" selection-end-column="0" />
        </state>
      </provider>
    </entry>
    <entry file="file://$PROJECT_DIR$/app/database/migrations/2015_02_14_110516_create_dutydays_table.php">
      <provider selected="true" editor-type-id="text-editor">
        <state vertical-scroll-proportion="-8.823529" vertical-offset="150" max-vertical-offset="1050">
          <caret line="19" column="43" selection-start-line="19" selection-start-column="43" selection-end-line="19" selection-end-column="43" />
        </state>
      </provider>
    </entry>
    <entry file="file://$PROJECT_DIR$/app/database/migrations/2015_02_11_074218_create_diagonosticprocedures_table.php">
      <provider selected="true" editor-type-id="text-editor">
        <state vertical-scroll-proportion="0.0" vertical-offset="0" max-vertical-offset="1025">
          <caret line="0" column="0" selection-start-line="0" selection-start-column="0" selection-end-line="0" selection-end-column="0" />
        </state>
      </provider>
    </entry>
    <entry file="file://$PROJECT_DIR$/app/controllers/DutydaysController.php">
      <provider selected="true" editor-type-id="text-editor">
        <state vertical-scroll-proportion="0.22361359" vertical-offset="7425" max-vertical-offset="8250">
          <caret line="302" column="40" selection-start-line="302" selection-start-column="40" selection-end-line="302" selection-end-column="40" />
        </state>
      </provider>
    </entry>
    <entry file="file://$PROJECT_DIR$/app/views/dutydays/edit.blade.php">
      <provider selected="true" editor-type-id="text-editor">
        <state vertical-scroll-proportion="0.53667265" vertical-offset="1950" max-vertical-offset="5000">
          <caret line="90" column="63" selection-start-line="90" selection-start-column="63" selection-end-line="90" selection-end-column="63" />
        </state>
      </provider>
    </entry>
    <entry file="file://$PROJECT_DIR$/app/views/dutydays/create.blade.php">
      <provider selected="true" editor-type-id="text-editor">
        <state vertical-scroll-proportion="-7.781753" vertical-offset="4350" max-vertical-offset="5050">
          <caret line="0" column="0" selection-start-line="0" selection-start-column="0" selection-end-line="0" selection-end-column="0" />
        </state>
      </provider>
    </entry>
    <entry file="file://$PROJECT_DIR$/app/views/dutydays/layouts/master.blade.php">
      <provider selected="true" editor-type-id="text-editor">
        <state vertical-scroll-proportion="0.2844365" vertical-offset="3091" max-vertical-offset="5425">
          <caret line="130" column="21" selection-start-line="130" selection-start-column="21" selection-end-line="130" selection-end-column="21" />
        </state>
      </provider>
    </entry>
    <entry file="file://$PROJECT_DIR$/app/views/patients/edit.blade.php">
      <provider selected="true" editor-type-id="text-editor">
        <state vertical-scroll-proportion="0.17889088" vertical-offset="1650" max-vertical-offset="2950">
          <caret line="70" column="16" selection-start-line="70" selection-start-column="16" selection-end-line="70" selection-end-column="16" />
        </state>
      </provider>
    </entry>
    <entry file="file://$PROJECT_DIR$/app/views/patients/create.blade.php">
      <provider selected="true" editor-type-id="text-editor">
        <state vertical-scroll-proportion="0.62611806" vertical-offset="1350" max-vertical-offset="2950">
          <caret line="68" column="140" selection-start-line="68" selection-start-column="16" selection-end-line="68" selection-end-column="140" />
        </state>
      </provider>
    </entry>
    <entry file="file://$PROJECT_DIR$/app/views/patients/show.blade.php">
      <provider selected="true" editor-type-id="text-editor">
        <state vertical-scroll-proportion="0.40250447" vertical-offset="825" max-vertical-offset="2275">
          <caret line="42" column="68" selection-start-line="42" selection-start-column="68" selection-end-line="42" selection-end-column="68" />
        </state>
      </provider>
    </entry>
    <entry file="file://$PROJECT_DIR$/app/views/patients/index.blade.php">
      <provider selected="true" editor-type-id="text-editor">
        <state vertical-scroll-proportion="0.35778177" vertical-offset="975" max-vertical-offset="1800">
          <caret line="47" column="61" selection-start-line="47" selection-start-column="61" selection-end-line="47" selection-end-column="61" />
        </state>
      </provider>
    </entry>
    <entry file="file://$PROJECT_DIR$/app/views/patients/layouts/master.blade.php">
      <provider selected="true" editor-type-id="text-editor">
        <state vertical-scroll-proportion="-1.236136" vertical-offset="2341" max-vertical-offset="3350">
          <caret line="66" column="66" selection-start-line="66" selection-start-column="66" selection-end-line="66" selection-end-column="66" />
        </state>
      </provider>
    </entry>
    <entry file="file://$PROJECT_DIR$/app/routes.php">
      <provider selected="true" editor-type-id="text-editor">
        <state vertical-scroll-proportion="-10.882353" vertical-offset="3355" max-vertical-offset="5775">
          <caret line="158" column="22" selection-start-line="158" selection-start-column="22" selection-end-line="158" selection-end-column="22" />
        </state>
      </provider>
    </entry>
    <entry file="file://$PROJECT_DIR$/public/js/jquery.dataTables.js">
      <provider selected="true" editor-type-id="text-editor">
        <state vertical-scroll-proportion="0.33274338" vertical-offset="153687" max-vertical-offset="371150">
          <caret line="6155" column="23" selection-start-line="6155" selection-start-column="18" selection-end-line="6155" selection-end-column="23" />
        </state>
      </provider>
    </entry>
    <entry file="file://$PROJECT_DIR$/app/views/employees/index.blade.php">
      <provider selected="true" editor-type-id="text-editor">
        <state vertical-scroll-proportion="0.7763864" vertical-offset="1091" max-vertical-offset="1800">
          <caret line="61" column="24" selection-start-line="61" selection-start-column="28" selection-end-line="61" selection-end-column="53" />
        </state>
      </provider>
    </entry>
    <entry file="file://$PROJECT_DIR$/app/config/view.php">
      <provider selected="true" editor-type-id="text-editor">
        <state vertical-scroll-proportion="0.6066434" vertical-offset="353" max-vertical-offset="925">
          <caret line="28" column="41" selection-start-line="28" selection-start-column="41" selection-end-line="28" selection-end-column="41" />
        </state>
      </provider>
    </entry>
    <entry file="file://$PROJECT_DIR$/app/database/migrations/2015_02_17_080659_create_appointments_table.php">
      <provider selected="true" editor-type-id="text-editor">
        <state vertical-scroll-proportion="0.47727272" vertical-offset="277" max-vertical-offset="1175">
          <caret line="23" column="43" selection-start-line="23" selection-start-column="43" selection-end-line="23" selection-end-column="43" />
        </state>
      </provider>
    </entry>
    <entry file="file://$PROJECT_DIR$/app/models/Timeslot.php">
      <provider selected="true" editor-type-id="text-editor">
        <state vertical-scroll-proportion="-11.941176" vertical-offset="94" max-vertical-offset="700">
          <caret line="20" column="29" selection-start-line="20" selection-start-column="22" selection-end-line="20" selection-end-column="29" />
          <folding />
        </state>
      </provider>
    </entry>
    <entry file="file://$PROJECT_DIR$/app/models/Dutyday.php">
      <provider selected="true" editor-type-id="text-editor">
        <state vertical-scroll-proportion="-10.941176" vertical-offset="1028" max-vertical-offset="1600">
          <caret line="56" column="39" selection-start-line="56" selection-start-column="31" selection-end-line="56" selection-end-column="39" />
        </state>
      </provider>
    </entry>
    <entry file="file://$PROJECT_DIR$/app/views/appointments/edit.blade.php">
      <provider selected="true" editor-type-id="text-editor">
        <state vertical-scroll-proportion="-0.74418604" vertical-offset="1741" max-vertical-offset="2525">
          <caret line="53" column="42" selection-start-line="53" selection-start-column="42" selection-end-line="53" selection-end-column="42" />
        </state>
      </provider>
    </entry>
    <entry file="file://$PROJECT_DIR$/app/views/appointments/layouts/master.blade.php">
      <provider selected="true" editor-type-id="text-editor">
        <state vertical-scroll-proportion="0.19499105" vertical-offset="2966" max-vertical-offset="3850">
          <caret line="123" column="38" selection-start-line="123" selection-start-column="38" selection-end-line="123" selection-end-column="38" />
        </state>
      </provider>
    </entry>
    <entry file="file://$PROJECT_DIR$/app/models/Appointment.php">
      <provider selected="true" editor-type-id="text-editor">
        <state vertical-scroll-proportion="0.75874126" vertical-offset="491" max-vertical-offset="1650">
          <caret line="37" column="31" selection-start-line="37" selection-start-column="22" selection-end-line="37" selection-end-column="31" />
        </state>
      </provider>
    </entry>
    <entry file="file://$PROJECT_DIR$/app/controllers/PatientsController.php">
      <provider selected="true" editor-type-id="text-editor">
        <state vertical-scroll-proportion="0.52236134" vertical-offset="3083" max-vertical-offset="4000">
          <caret line="135" column="32" selection-start-line="135" selection-start-column="32" selection-end-line="135" selection-end-column="32" />
        </state>
      </provider>
    </entry>
    <entry file="file://$PROJECT_DIR$/app/controllers/EmployeesController.php">
      <provider selected="true" editor-type-id="text-editor">
        <state vertical-scroll-proportion="1.4311271" vertical-offset="3150" max-vertical-offset="5775">
          <caret line="158" column="8" selection-start-line="158" selection-start-column="8" selection-end-line="158" selection-end-column="8" />
        </state>
      </provider>
    </entry>
    <entry file="file://$PROJECT_DIR$/app/controllers/TimeslotsController.php">
      <provider selected="true" editor-type-id="text-editor">
        <state vertical-scroll-proportion="0.43470484" vertical-offset="2632" max-vertical-offset="3400">
          <caret line="115" column="11" selection-start-line="115" selection-start-column="11" selection-end-line="115" selection-end-column="11" />
          <folding />
        </state>
      </provider>
    </entry>
  </component>
</project>

